avg_return,std_return,median_return,agree_rate,end_rate,avg_turns_used,regret_vs_upper
4.94375,7.272968681185145,0.0,0.5078125,0.22727272727272727,2.578125,26.8609375
