{
  "epoch": 30,
  "train_loss": 2.393905422603688,
  "val_loss": 2.349274960590703
}