avg_return,std_return,median_return,agree_rate,end_rate,avg_turns_used,regret_vs_upper
4.5840625,7.134696629576744,0.0,0.5546875,0.19825072886297376,2.6796875,26.7284375
