avg_return,std_return,median_return,agree_rate,end_rate,avg_turns_used,regret_vs_upper
3.7791406249999997,6.637971149396825,0.0,0.421875,0.20977011494252873,2.71875,25.150546875
