{
  "epoch": 30,
  "train_loss": 2.363734556460747,
  "val_loss": 2.3258233109854074
}