avg_return,std_return,median_return,agree_rate,end_rate,avg_turns_used,regret_vs_upper
4.3960937499999995,6.515500776318803,0.0,0.546875,0.17582417582417584,2.84375,24.463281249999998
