{
  "epoch": 30,
  "train_loss": 2.3467243620875804,
  "val_loss": 2.3117619637732343
}