avg_return,std_return,median_return,agree_rate,end_rate,avg_turns_used,regret_vs_upper
2.9268359375,5.507850270122046,0.0,0.4296875,0.21906116642958748,2.74609375,26.7567578125
