avg_return,std_return,median_return,agree_rate,end_rate,avg_turns_used,regret_vs_upper
3.801640625,6.357666727235677,0.0,0.4375,0.20441988950276244,2.828125,25.948359375
