step,total_calls,failed_calls,ratio,avg_latency_ms,hint_source
0,129,0,0.0,611.5380000000004,expert
1,257,0,0.0,0.010000000000000007,expert
2,385,0,0.0,0.010999999999999975,expert
3,513,0,0.0,0.008999999999999992,expert
4,641,0,0.0,0.010999999999999975,expert
5,769,0,0.0,0.010000000000000007,expert
6,897,0,0.0,0.008999999999999992,expert
