step,total_calls,failed_calls,ratio,avg_latency_ms,hint_source
0,129,0,0.0,513.5069999999992,expert
1,257,0,0.0,0.010999999999999975,expert
2,385,0,0.0,0.012000000000000009,expert
3,513,0,0.0,0.010999999999999975,expert
4,641,0,0.0,0.010999999999999975,expert
5,769,0,0.0,0.010000000000000007,expert
6,897,0,0.0,0.012000000000000009,expert
7,1025,0,0.0,0.008999999999999992,expert
