avg_return,std_return,median_return,agree_rate,end_rate,avg_turns_used,regret_vs_upper
4.3843359374999995,6.42225588502755,0.0,0.52734375,0.18820224719101122,2.78125,24.764101562499995
