avg_return,std_return,median_return,agree_rate,end_rate,avg_turns_used,regret_vs_upper
3.1690625,6.097455724201181,0.0,0.3671875,0.22662889518413598,2.7578125,28.916874999999997
